{
  "feasibility_stats": {
    "total_samples": 30,
    "feasible_count": 26,
    "infeasible_count": 4,
    "feasibility_rate": 0.8666666666666667,
    "correlation": -0.17888024101507682
  },
  "feasible_energies": {
    "mean": 0.057922158390283585,
    "std": 0.01974269561469555,
    "min": 0.018649602308869362,
    "max": 0.09416289627552032,
    "values": [
      0.04109891131520271,
      0.05472058057785034,
      0.0560416653752327,
      0.031909845769405365,
      0.058980781584978104,
      0.08086767047643661,
      0.05640973150730133,
      0.0675908550620079,
      0.043847281485795975,
      0.04275324568152428,
      0.09416289627552032,
      0.07452183216810226,
      0.08181985467672348,
      0.0834563598036766,
      0.049028873443603516,
      0.05444105714559555,
      0.08439508825540543,
      0.07144591957330704,
      0.018649602308869362,
      0.04368655011057854,
      0.06182200834155083,
      0.07678215950727463,
      0.07085240632295609,
      0.054191991686820984,
      0.023182058706879616,
      0.029316868633031845
    ]
  },
  "infeasible_energies": {
    "mean": 0.06851129233837128,
    "std": 0.020157240331172943,
    "min": 0.04423041641712189,
    "max": 0.0944913774728775,
    "values": [
      0.04423041641712189,
      0.0944913774728775,
      0.0542585551738739,
      0.08106482028961182
    ]
  }
}