{
  "analysis_timestamp": "2025-08-05T07:12:35.539298",
  "dataset_path": "test_30_samples_benchmark/comprehensive_dataset/complete_dataset.pkl",
  "total_samples": 30,
  "feasible_samples": 26,
  "physical_trajectory_samples": 30,
  "overall_metrics": {
    "overall_mae": 1.886038140011599,
    "overall_mape": 82423835426.87535,
    "correlation": 0.9902498649083041
  },
  "parameter_metrics": {
    "mean_absolute_errors": [
      3.3130998504060583,
      1.873510299027482,
      2.4974598232646206,
      2.0073196212804607,
      2.2640597976072745,
      0.2558532273558697,
      2.1982298293521425,
      1.7852539204005764,
      0.1983974701119788,
      2.627098316562118,
      2.24429243955096,
      0.2744177481811349,
      2.3276095861504085,
      2.842131819817369,
      0.223114777601617,
      1.9315481484217316,
      2.5613785499773747,
      0.23845812765899704,
      2.118325619577662,
      2.139348668427438,
      0.22149283140677933,
      2.6130716733957695,
      1.9921591652391877,
      0.21852182980100504,
      2.5181327344162763,
      1.8934154769799203,
      0.1506160280998719,
      2.085941946355497,
      2.050179539336765,
      0.11913484053740991,
      2.9796351300255646,
      2.3668979724876134,
      0.21454304365727375,
      1.7634352240462197,
      1.663182773450053,
      0.22823765017751158,
      2.0339878518896204,
      2.0571401081157616,
      0.3541105167797113,
      2.01202319061381,
      1.4295662392762762,
      0.3388380670163182,
      1.9110263300207668,
      1.5435132638285614,
      0.3205472182430711,
      2.5695460226868914,
      2.3972096823635574,
      0.2602549133345894,
      2.3522309229163634,
      1.6552552909048708,
      0.26025387198701977,
      1.5409730802808501,
      1.4612674205570906,
      0.28339370263742164,
      2.3885350811823254,
      2.2319575609816553,
      0.23332035149515898,
      2.863421495116315,
      3.2400824414804563,
      0.23105309417073644,
      1.8059354589929955,
      1.5041295203254106,
      0.29286896598700823,
      24.373398332636377,
      0.3835904569146464,
      1.1495812878839191
    ],
    "mean_relative_errors": [
      0.4219551248496315,
      0.4509651119225324,
      2.494320016092191,
      2121877834.249268,
      85855253.2361482,
      784329298.1176165,
      1903688212.5374653,
      493536070.24514616,
      1221064750.9343686,
      73255754.9033525,
      203962929.41882592,
      1870758740.1749048,
      5403.884943063922,
      2250889951.6665673,
      1308698561.2656534,
      1598549649.5907626,
      194712650.48800966,
      1222541790.240242,
      1.318847574372279,
      3.538645145889707,
      1232813520.231764,
      361153489.9779534,
      327372119.3585117,
      475762849.06040645,
      148585874.98376673,
      348238542.3214498,
      1083663020.8681073,
      1373920349.66323,
      698584969.281174,
      1101493944.2968745,
      5583195205.718861,
      360666265.268248,
      1287340916.2678466,
      2146471306.9859877,
      722565085.9567586,
      1230736399.4568028,
      1177016064.0758142,
      24239359.9374007,
      1006825678.0195293,
      235882214.95193127,
      23904450.890163176,
      1949531815.3229573,
      735376328.8374553,
      318160905.89989996,
      1112644044.2538471,
      1038404881.5742233,
      2485311484.9938536,
      1270264761.002246,
      373694708.3193851,
      484821756.9885371,
      1248319072.9556124,
      290150905.3290839,
      147721076.74837154,
      1382568848.0128329,
      169513587.46274254,
      1388556063.8127735,
      662293464.3669006,
      457678856.3358356,
      325307861.19287753,
      771734983.9704685,
      353080643.80615354,
      351631114.92410725,
      709860208.8622148,
      0.0998284643623665,
      88945519.76082754,
      0.15412170340677264
    ],
    "parameter_names": [
      "Shooting Time",
      "Initial Coast",
      "Final Coast",
      "Seg1_Alpha",
      "Seg1_Beta",
      "Seg1_Thrust",
      "Seg2_Alpha",
      "Seg2_Beta",
      "Seg2_Thrust",
      "Seg3_Alpha",
      "Seg3_Beta",
      "Seg3_Thrust",
      "Seg4_Alpha",
      "Seg4_Beta",
      "Seg4_Thrust",
      "Seg5_Alpha",
      "Seg5_Beta",
      "Seg5_Thrust",
      "Seg6_Alpha",
      "Seg6_Beta",
      "Seg6_Thrust",
      "Seg7_Alpha",
      "Seg7_Beta",
      "Seg7_Thrust",
      "Seg8_Alpha",
      "Seg8_Beta",
      "Seg8_Thrust",
      "Seg9_Alpha",
      "Seg9_Beta",
      "Seg9_Thrust",
      "Seg10_Alpha",
      "Seg10_Beta",
      "Seg10_Thrust",
      "Seg11_Alpha",
      "Seg11_Beta",
      "Seg11_Thrust",
      "Seg12_Alpha",
      "Seg12_Beta",
      "Seg12_Thrust",
      "Seg13_Alpha",
      "Seg13_Beta",
      "Seg13_Thrust",
      "Seg14_Alpha",
      "Seg14_Beta",
      "Seg14_Thrust",
      "Seg15_Alpha",
      "Seg15_Beta",
      "Seg15_Thrust",
      "Seg16_Alpha",
      "Seg16_Beta",
      "Seg16_Thrust",
      "Seg17_Alpha",
      "Seg17_Beta",
      "Seg17_Thrust",
      "Seg18_Alpha",
      "Seg18_Beta",
      "Seg18_Thrust",
      "Seg19_Alpha",
      "Seg19_Beta",
      "Seg19_Thrust",
      "Seg20_Alpha",
      "Seg20_Beta",
      "Seg20_Thrust",
      "Final Fuel Mass",
      "Halo Period",
      "Manifold Length"
    ]
  },
  "worst_predicted_parameters": [
    {
      "parameter": "Seg19_Alpha",
      "mae": 2.863421495116315
    },
    {
      "parameter": "Seg10_Alpha",
      "mae": 2.9796351300255646
    },
    {
      "parameter": "Seg19_Beta",
      "mae": 3.2400824414804563
    },
    {
      "parameter": "Shooting Time",
      "mae": 3.3130998504060583
    },
    {
      "parameter": "Final Fuel Mass",
      "mae": 24.373398332636377
    }
  ],
  "best_predicted_parameters": [
    {
      "parameter": "Seg9_Thrust",
      "mae": 0.11913484053740991
    },
    {
      "parameter": "Seg8_Thrust",
      "mae": 0.1506160280998719
    },
    {
      "parameter": "Seg2_Thrust",
      "mae": 0.1983974701119788
    },
    {
      "parameter": "Seg10_Thrust",
      "mae": 0.21454304365727375
    },
    {
      "parameter": "Seg7_Thrust",
      "mae": 0.21852182980100504
    }
  ],
  "physical_trajectory_metrics": {
    "valid_trajectory_pairs": 26,
    "mean_max_position_deviation": 1.8496486534689498,
    "std_max_position_deviation": 0.895026289248137,
    "mean_max_velocity_deviation": 2.6705666313901113,
    "std_max_velocity_deviation": 1.1032487728805391,
    "mean_final_position_deviation": 0.5339837122099513,
    "std_final_position_deviation": 0.4775489765661626
  }
}