{
  "gto_halo_metrics": {
    "class_label_mean": 0.5707522004842758,
    "class_label_std": 0.051890466233686205,
    "class_label_min": 0.49422088265419006,
    "class_label_max": 0.6449946165084839,
    "time_vars_mean": 0.5534877916177113,
    "time_vars_std": 0.04504513619337773,
    "time_vars_min": 0.4735603630542755,
    "time_vars_max": 0.6358206272125244,
    "thrust_vars_mean": 0.5057174165050189,
    "thrust_vars_std": 0.02372828818188308,
    "thrust_vars_min": 0.46706312894821167,
    "thrust_vars_max": 0.636736273765564,
    "mass_vars_mean": 0.5513362358013789,
    "mass_vars_std": 0.045310575083823704,
    "mass_vars_min": 0.4700520932674408,
    "mass_vars_max": 0.6455121040344238,
    "boundary_violations_total": "0",
    "boundary_violation_rate": 0.0,
    "thrust_boundary_violations": "0",
    "thrust_boundary_violation_rate": 0.0,
    "has_nan": "False",
    "has_inf": "False",
    "has_negative": "False",
    "has_above_one": "False"
  },
  "physical_validation": {
    "feasible_ratio": 0.7,
    "avg_final_mass_feasible": 306.8245277861121,
    "local_optimal_ratio": 0.6,
    "avg_final_mass_optimal": 326.3278601215876,
    "avg_solving_time": 20.632658314704894,
    "snopt_inform_distribution": {
      "3": 4,
      "1": 6
    },
    "total_tested": 10,
    "feasible_count": 7,
    "local_optimal_count": 6
  },
  "sampling_efficiency": {
    "total_sampling_time": 30.549365043640137,
    "average_sampling_time_per_sample": 30.549365043640137,
    "sampling_time_std": 0.0,
    "samples_per_second": 0.03273390456958722,
    "min_sampling_time": 30.549365043640137,
    "max_sampling_time": 30.549365043640137
  }
}