{
  "gto_halo_metrics": {
    "class_label_mean": 0.5857728108763695,
    "class_label_std": 0.27263824962528493,
    "class_label_min": 0.22104625403881073,
    "class_label_max": 0.9609310030937195,
    "time_vars_mean": 0.4899242540200551,
    "time_vars_std": 0.27875091051442513,
    "time_vars_min": 0.12951496243476868,
    "time_vars_max": 0.9367683529853821,
    "thrust_vars_mean": 0.24252243501134216,
    "thrust_vars_std": 0.15703670115256846,
    "thrust_vars_min": 0.01818915642797947,
    "thrust_vars_max": 0.9931989908218384,
    "mass_vars_mean": 0.5143330983817578,
    "mass_vars_std": 0.27395632155037697,
    "mass_vars_min": 0.12263902276754379,
    "mass_vars_max": 0.9903362393379211,
    "boundary_violations_total": "0",
    "boundary_violation_rate": 0.0,
    "thrust_boundary_violations": "0",
    "thrust_boundary_violation_rate": 0.0,
    "has_nan": "False",
    "has_inf": "False",
    "has_negative": "False",
    "has_above_one": "False"
  },
  "physical_validation": {
    "feasible_ratio": 0.5,
    "avg_final_mass_feasible": 357.7021781123571,
    "local_optimal_ratio": 0.5,
    "avg_final_mass_optimal": 357.7021781123571,
    "avg_solving_time": 14.097183060646056,
    "snopt_inform_distribution": {
      "3": 5,
      "1": 5
    },
    "total_tested": 10,
    "feasible_count": 5,
    "local_optimal_count": 5
  },
  "sampling_efficiency": {
    "total_sampling_time": 33.021296977996826,
    "average_sampling_time_per_sample": 33.021296977996826,
    "sampling_time_std": 0.0,
    "samples_per_second": 0.030283486462277142,
    "min_sampling_time": 33.021296977996826,
    "max_sampling_time": 33.021296977996826
  }
}