{
  "standard_metrics": {
    "mse": 0.11300323543357185,
    "mae": 0.2857108375620354,
    "mean_error": 0.2857108375620354,
    "std_error": 0.17712298759102982,
    "kl_divergence": 2.0368110012866985,
    "wasserstein_distance": 0.1958281112082058
  },
  "sampling_efficiency": {
    "total_sampling_time": 42.72667098045349,
    "average_sampling_time_per_sample": 21.363335490226746,
    "sampling_time_std": 1.9053045511245728,
    "samples_per_second": 0.046809169872255106,
    "min_sampling_time": 19.458030939102173,
    "max_sampling_time": 23.26864004135132
  }
}