{
  "gto_halo_metrics": {
    "class_label_mean": 0.050339922308921814,
    "class_label_std": 0.027803780511021614,
    "class_label_min": 0.00800742581486702,
    "class_label_max": 0.09354664385318756,
    "time_vars_mean": 12.644837379455566,
    "time_vars_std": 6.127632141113281,
    "time_vars_min": 6.984445571899414,
    "time_vars_max": 25.35964584350586,
    "thrust_vars_mean": 1.9730751514434814,
    "thrust_vars_std": 2.3177950382232666,
    "thrust_vars_min": 9.689888975117356e-05,
    "thrust_vars_max": 6.282441139221191,
    "mass_vars_mean": 150.3707275390625,
    "mass_vars_std": 206.39288330078125,
    "mass_vars_min": 0.4664210379123688,
    "mass_vars_max": 447.6082763671875,
    "boundary_violations_total": "1554",
    "boundary_violation_rate": 0.4638805970149254,
    "thrust_boundary_violations": "1304",
    "thrust_boundary_violation_rate": 0.43466666666666665,
    "has_nan": "False",
    "has_inf": "False",
    "has_negative": "False",
    "has_above_one": "True"
  },
  "physical_validation": {
    "feasible_ratio": 0.94,
    "avg_final_mass_feasible": 422.19259727176905,
    "local_optimal_ratio": 0.92,
    "avg_final_mass_optimal": 422.05731282169995,
    "avg_solving_time": 166.09433096408844,
    "snopt_inform_distribution": {
      "1": 46,
      "3": 4
    },
    "total_tested": 50,
    "feasible_count": 47,
    "local_optimal_count": 46
  },
  "sampling_efficiency": {
    "total_sampling_time": 142.42779803276062,
    "average_sampling_time_per_sample": 28.485559606552123,
    "sampling_time_std": 0.4239626706704066,
    "samples_per_second": 0.03510550657288068,
    "min_sampling_time": 28.15474772453308,
    "max_sampling_time": 29.291232109069824
  }
}